StoreID,SKU,RSP,Stock_On_Hand
162,12502,22,0
162,44924,42,0
162,33221,160,0
162,52677,69,13
162,55321,127,0
162,12896,1333,43
162,12079,1194,0
162,68942,865,0
162,13009,1449,0
162,13010,1555,0
162,40185,103,0
162,13131,269,0
162,12926,1663,0
162,12923,35,139
162,12925,33,0
162,12924,22,0
162,12494,79,335
162,11208,32,5
162,11209,53,142
162,40941,24,0
162,40942,46,111
162,12123,53,0
162,34729,75,0
162,12584,14,183
162,12810,16,0
162,61005,24,27
162,68513,132,0
162,60581,257,0
162,60582,393,2
162,61399,138,0
162,61400,190,4
162,69432,26,0
162,54172,73,0
162,54176,73,9
162,58684,190,0
162,60305,25,55
162,60306,36,9
162,71719,49,39
162,84307,47,0
162,85442,65,0
162,85443,65,0
162,68469,198,0
162,68470,198,0
162,68471,313,0
162,68472,313,0
162,68117,189,0
162,59289,337,0
162,59888,37,3
162,12495,22,0
162,11923,34,0
162,12546,54,0
162,40187,17,0
162,11517,51,0
162,13018,94,11
162,31574,1605,0
162,32347,2094,0
162,31575,1263,0
162,51606,144,100
162,11722,309,434
162,11485,165,0
162,12616,63,0
162,10898,348,51
162,33128,155,9
162,33127,155,0
162,34105,50,242
162,33530,444,0
162,33354,11,0
162,68551,267,244
162,64778,8,0
162,59290,9,0
162,59536,8,0
162,34104,19,715
162,11174,122,0
162,34226,360,8
162,33307,8,0
162,12498,35,0
162,59181,269,26
162,68948,11,0
162,67553,53,0
162,51608,269,4
162,11714,364,3
162,11527,199,0
162,11719,404,15
162,33664,342,0
162,33663,334,0
162,33661,320,101
162,51609,148,5
162,34387,288,0
162,11723,432,2
162,11686,271,0
162,11189,92,1
162,10755,164,0
162,11718,232,5
162,10756,193,11
162,11715,382,24
162,11357,213,0
162,66436,28,3
162,63374,93,0
162,60307,56,4
162,33071,10,31
162,21040,4,353
162,21897,43,49
162,21959,16,125
162,22279,23,0
162,10897,91,0
162,65158,23,0
162,32554,87,22
162,32582,74,225
162,34307,689,0
162,32965,90,11
162,57313,20,0
162,58791,26,100
162,34122,34,0
162,34227,436,0
162,58020,42,0
162,12667,28,0
162,13015,435,0
162,22153,60,62
162,34251,278,0
162,12377,30,131
162,20090,28,4
162,33667,19,0
162,11060,61,215
162,10806,84,243
162,20591,26,313
162,20857,55,0
162,22275,13,108
162,30506,37,0
162,33149,26,0
162,35101,20,0
162,10477,81,0
162,10476,331,0
162,12068,485,0
162,22152,39,87
162,32552,62,52
162,21120,110,0
162,32371,211,0
162,32974,475,0
162,45632,11,350
162,13168,23,0
162,59959,50,0
162,59960,33,30
162,13138,21,5
162,34756,134,0
162,21438,68,0
162,65604,73,0
162,66352,102,0
162,40383,26,0
162,21861,253,220
162,22274,95,80
162,30451,51,0
162,30721,26,14
162,40249,59,0
162,40429,40,0
162,12658,27,0
162,51124,248,0
162,51128,28,9
162,33403,95,0
162,56718,45,0
162,58005,26,0
162,58371,23,0
162,59084,52,0
162,35041,65,0
162,32816,43,0
162,21819,39,3
162,35475,111,0
162,34773,217,64
162,40844,71,0
162,22246,39,125
162,31439,48,0
162,33540,53,0
162,22245,25,152
162,12275,16,21
162,21820,53,60
162,22226,70,50
162,30777,88,0
162,30720,23,0
162,69197,15,0
162,33755,119,0
162,12672,23,0
162,12673,32,0
162,32683,97,0
162,33500,58,0
162,59462,59,0
162,31118,39,0
162,12897,21,6
162,12996,36,0
162,12997,22,0
162,32252,34,0
162,33911,211,0
162,33912,211,0
162,34722,13,75
162,69161,34,0
162,13064,34,0
162,13065,83,0
162,40430,27,122
162,34052,28,0
162,12448,74,220
162,12449,33,0
162,11522,75,0
162,56775,18,1
162,20931,32,0
162,35626,42,0
162,32979,37,0
162,33756,133,0
162,33914,211,0
162,33915,211,0
162,11521,243,840
162,31658,76,19
162,34670,89,0
162,12656,28,0
162,12802,250,0
162,11759,690,0
162,11758,105,0
162,31411,371,0
162,31413,128,0
162,31414,1385,0
162,32170,107,0
162,22217,125,0
162,31407,822,0
162,33636,90,81
162,57905,498,0
162,35180,2100,8
162,33135,14000,21
162,34301,284,0
162,58341,10,0
162,61163,18,0
162,68108,355,327
162,69008,1208,0
162,31005,31,0
162,12009,19,0
162,12053,18,0
162,33751,86,0
162,34579,28,0
162,57083,23,0
162,57191,18,0
162,10385,87,0
162,10838,81,166
162,12452,352,0
162,12478,48,0
162,12943,154,0
162,12948,1207,0
162,21932,14,0
162,30574,345,0
162,32345,955,6
162,35072,88,0
162,65605,265,38
162,11929,12,3
162,12089,20,0
162,13012,216,0
162,30954,4,0
162,52317,7,0
162,57780,265,8
162,12971,350,91
162,12976,612,0
162,59003,115,186
162,21852,377,152
162,21856,65,172
162,32433,1498,0
162,35697,665,0
162,40034,631,0
162,55422,185,0
162,33916,73,0
162,40036,571,2
162,11325,95,0
162,32434,120,0
162,33538,9,1
162,34058,1150,0
162,44973,290,0
162,58328,45,0
162,58340,30,0
162,68329,29,0
162,10846,429,0
162,34893,593,0
162,35696,885,3
162,55431,185,0
162,63321,112,4
162,65277,316,0
162,50957,15,0
162,61198,3,0
162,34887,240,0
162,40952,502,195
162,32289,24,0
162,55426,220,0
162,56781,25,0
162,68615,238,0
162,68616,257,0
162,34602,103,4
162,67729,43,0
162,12421,55,0
162,12904,148,0
162,10404,7,0
162,34661,23,0
162,66238,351,0
162,12980,1514,0
162,10032,213,78
162,20930,126,1
162,34585,779,0
162,33887,578,224
162,33888,578,0
162,12910,1153,0
162,31560,1383,62
162,34063,477,5
162,30570,1452,0
162,57399,874,0
162,30718,26,2
162,11749,660,0
162,11750,660,0
162,58697,517,0
162,31852,48,0
162,34668,45,20
162,34669,89,0
162,58207,24,0
162,12419,424,3
162,13008,1554,0
162,32649,1730,0
162,13166,32,0
162,69938,288,0
162,31024,140,0
162,32349,698,0
162,11769,27,0
162,35221,1565,0
162,40302,311,0
162,31653,222,41
162,57904,986,0
162,21274,1190,47
162,33427,2014,0
162,32328,1570,0
162,34956,761,0
162,22218,68,0
162,31412,259,0
162,20702,29,130
162,34797,257,0
162,21440,136,54
162,22735,328,0
162,59891,231,6
162,60121,740,0
162,60122,65,0
162,60120,469,0
162,33473,326,0
162,41625,149,0
162,20259,11,560
162,33202,176,0
162,40003,517,86
162,21577,239,1
162,60583,651,0
162,33286,439,375
162,41536,70,0
162,10919,600,90
162,11914,3995,256
162,32091,4200,0
162,10469,276,0
162,10471,746,0
162,10498,108,0
162,70974,79,0
162,33450,230,0
162,35405,8320,40
162,12107,135,0
162,30048,601,6
162,22167,45,182
162,32390,19600,0
162,32744,654,0
162,40585,18,0
162,41593,342,0
162,34248,12166,0
162,34538,12105,312
162,41687,973,0
162,12830,22,111
162,34788,41,0
162,22909,36,0
162,33459,788,0
162,57540,978,448
162,57541,569,0
162,57542,1957,0
162,31119,276,0
162,59513,19,0
162,32122,4180,0
162,55427,185,0
162,13063,72,12
162,12311,1431,0
162,61201,1,0
162,12927,1875,0
162,32497,818,18
162,34890,1323,0
162,34891,1433,0
162,33227,2206,5
162,55616,389,419
162,40596,1549,0
162,40598,4542,0
162,34994,73,0
162,68214,350,0
162,21033,7,0
162,55042,11,0
162,34476,13,45
162,21660,297,9
162,56989,36,0
162,21390,51,40
162,64473,48,0
162,21657,157,40
162,21784,93,0
162,21782,173,0
162,21783,157,0
162,21802,84,7
162,20828,210,0
162,21061,5,100
162,21629,37,40
162,11872,1210,0
162,21371,1416,0
162,57600,38,0
162,12640,57,0
162,64472,45,8
162,34547,706,0
162,31889,172,0
162,32296,33,0
162,35510,80,0
162,68343,332,0
162,66006,141,0
162,34000,35,8
162,12398,275,326
162,65464,139,0
162,68332,366,0
162,20694,9,297
162,33815,1964,364
162,20661,125,0
162,12315,856,0
162,12314,517,0
162,11378,259,10
162,10494,1115,0
162,32676,137,0
162,21424,73,0
162,34001,58,0
162,22563,180,2
162,57201,58,0
162,21780,108,6
162,22210,90,145
162,44052,1655,0
162,32677,817,0
162,35212,1009,0
162,21984,286,0
162,10221,89,10
162,10798,730,0
162,11156,262,1
162,11298,1295,0
162,11592,514,0
162,11747,660,0
162,30569,1452,0
162,21631,783,0
162,11748,605,0
162,32293,1533,0
162,12385,674,576
162,68215,446,0
162,68216,781,0
162,11917,31,4
162,13272,381,0
162,57051,874,0
162,21851,52,9
162,30559,396,0
162,21662,426,24
162,10948,1250,0
162,20456,50,0
162,21921,159,2
162,21827,319,0
162,22139,20,8
162,21787,313,3
162,21785,778,5
162,21786,1125,6
162,20935,296,6
162,20934,706,0
162,33536,534,0
162,33798,69,4
162,66081,67,0
162,21953,76,0
162,12130,691,0
162,22255,90,0
162,21614,379,0
162,30449,183,0
162,12639,112,0
162,34974,560,95
162,11258,18,0
162,35059,2315,0
162,30707,46,0
162,21597,412,0
162,21613,1033,0
162,31053,1155,0
162,21821,1120,59
162,21648,1111,0
162,11957,44,0
162,12113,16,0
162,21551,999,1
162,21621,670,0
162,33400,49,0
162,33534,379,15
162,33535,456,0
162,41583,44,0
162,51397,16,0
162,59299,65,3
162,21020,103,403
162,21612,630,0
162,11398,1441,0
162,13268,1050,90
162,21649,613,0
162,30704,354,685
162,31052,654,0
162,33019,8996,0
162,21823,4256,0
162,21032,846,0
162,66080,356,140
162,21045,14,775
162,33229,7644,0
162,52590,386,0
162,56658,1650,401
162,58440,850,0
162,59268,765,0
162,65548,431,0
162,31772,574,0
162,33471,122,0
162,30233,2643,0
162,30217,429,0
162,30232,48,0
162,12861,110,13
162,33057,4320,0
162,52758,2030,0
162,57304,65,0
162,31279,613,44
162,32152,1120,0
162,34633,3850,18
162,12056,4244,0
162,34575,2756,0
162,35499,1909,0
162,33344,901,96
162,12848,3780,0
162,32742,850,0
162,32774,1865,0
162,32827,2508,7
162,33054,6460,17
162,33448,3780,0
162,33472,2260,150
162,33516,3750,2
162,33852,2489,0
162,34607,2780,0
162,40595,709,0
162,40594,394,0
162,69035,1199,30
162,41388,6337,7
162,33855,1557,0
162,31996,9,571
162,31995,7,0
162,31997,18,639
162,33417,57,100
162,11912,26,0
162,12597,6,128
162,12599,18,0
162,12936,12,16
162,31581,10,0
162,32034,59,0
162,30589,7,0
162,33659,28,17
162,61024,9,136
162,56239,42,113
162,21104,17,378
162,22084,41,0
162,32439,48,0
162,32946,86,10
162,33416,47,0
162,33053,73,6
162,58303,63,3
162,59184,5,0
162,68454,36,0
162,69159,30,0
162,35571,252,2
162,12706,65,77
162,33598,37,1
162,58787,38,0
162,12705,42,0
162,21450,39,199
162,11797,17,195
162,30494,5,0
162,32535,10,0
162,68129,62,0
162,12443,45,0
162,58391,26,180
162,20664,22,0
162,31944,77,387
162,31270,191,0
162,61242,84,0
162,32438,25,10
162,61221,819,0
162,22514,52,0
162,12846,286,30
162,20317,12,0
162,33921,1936,55
162,59440,379,11
162,34415,33,336
162,32792,145,0
162,58736,26,138
162,58737,17,0
162,66634,36,0
162,61222,575,0
162,69861,46,0
162,12939,17,0
162,13240,275,0
162,12940,22,30
162,22763,42,0
162,33565,3659,0
162,68211,1075,0
162,68212,650,0
162,21697,52,105
162,58914,40,2
162,12807,98,60
162,12808,53,0
162,33206,128,0
162,21911,184,12
162,35063,34,0
162,11705,37,20
162,21608,55,144
162,31312,63,0
162,22594,53,37
162,13267,16,30
162,22088,196,0
162,13314,75,0
162,21822,2154,0
162,69158,84,0
162,11729,264,2
162,12842,73,4
162,12608,89,0
162,22022,17,97
162,22343,91,0
162,20455,29,608
162,35501,90,0
162,41581,1100,0
162,11807,19,0
162,11808,65,0
162,22021,58,831
162,67360,140,0
162,11317,1025,0
162,32327,174,68
162,33358,300,281
162,33817,250,0
162,41005,215,69
162,13067,53,0
162,21687,49,72
162,22344,147,63
162,34713,235,0
162,13068,103,0
162,59500,30,9
162,58948,1500,242
162,30775,204,2
162,22593,55,0
162,21643,113,78
162,59702,10,1
162,34999,76,3
162,60323,75,30
162,13279,22,30
162,11237,469,0
162,30662,1516,334
162,58344,600,0
162,21877,92,0
162,66218,46,0
162,34266,112,0
162,34267,146,0
162,32784,1189,0
162,31810,144,0
162,33468,216,0
162,41235,660,0
162,22158,43,111
162,12571,24,80
162,13000,31,0
162,34410,24,19
162,34411,35,387
162,12966,15,0
162,35070,850,0
162,12985,1452,0
162,21442,34,0
162,20830,226,0
162,55902,79,0
162,12066,245,4
162,57116,195,0
162,57398,520,0
162,20262,59,0
162,30253,1059,6
162,33336,414,0
162,30257,53,0
162,56987,20,0
162,64528,38,0
162,68565,38,0
162,20849,226,0
162,21386,295,0
162,22254,54,0
162,32041,206,0
162,30655,6,136
162,30654,12,18
162,57117,240,0
162,57120,240,0
162,21387,295,0
162,40968,296,0
162,21532,891,3
162,32253,1799,0
162,60718,71,100
162,32230,40,0
162,34523,22,10
162,22284,29,0
162,35139,12,14
162,33396,96,39
162,56238,38,0
162,21926,31,0
162,59821,25,5
162,22729,50,19
162,22815,14,0
162,44776,30,0
162,60115,17,1
162,59907,28,43
162,59086,3,10
162,22943,29,0
162,12383,24,15
162,12472,38,98
162,12218,20,0
162,31389,71,0
162,33346,40,0
162,56383,17,0
162,22173,13,190
162,22174,17,4061
162,22453,32,21
162,56335,12,145
162,21696,36,105
162,21855,38,91
162,12364,29,0
162,22213,35,0
162,22214,24,62
162,22552,21,60
162,33599,134,0
162,34232,30,0
162,68156,32,4
162,32855,41,2
162,12471,27,498
162,12473,38,74
162,32070,26,0
162,32546,26,0
162,34635,150,0
162,34637,150,98
162,32993,60,90
162,33094,61,0
162,56736,17,0
162,12367,34,30
162,21449,36,500
162,58751,26,0
162,58801,24,0
162,59000,17,0
162,61243,100,0
162,69126,11,0
162,69130,10,0
162,34690,31,155
162,12806,26,0
162,13271,392,0
162,12937,32,240
162,12783,43,0
162,32802,128,0
162,33205,128,55
162,12979,18,0
162,22132,22,36
162,22159,37,31
162,22454,25,619
162,31493,22,10
162,31781,26,23
162,31782,62,0
162,35062,20,0
162,58107,20,0
162,12177,20,0
162,12353,26,0
162,22231,16,0
162,59961,30,0
162,22316,30,0
162,22317,34,0
162,22411,25,0
162,22417,39,0
162,31989,22,0
162,33330,30,12
162,34126,37,132
162,32306,37,0
162,11730,264,0
162,33848,181,0
162,35500,27,0
162,34384,25,40
162,34386,29,0
162,32063,82,0
162,12573,19,75
162,58390,17,0
162,12304,43,0
162,32991,51,364
162,69355,19,0
162,68125,21,0
162,34712,310,0
162,70395,12,0
162,13100,20,0
162,67742,44,0
162,22674,18,0
162,22675,25,30
162,32739,105,0
162,70396,16,100
162,70830,26,17
162,22726,17,7
162,22727,28,295
162,34379,23,0
162,34378,13,4
162,13280,47,20
162,12651,44,132
162,35846,25,0
162,13323,14,0
162,13324,22,202
162,12994,20,0
162,21364,6,0
162,21843,28,195
162,31809,144,0
162,33871,34,0
162,34493,35,0
162,11892,51,1
162,13264,22,0
162,12866,26,0
162,22157,33,30
162,21842,19,0
162,21917,60,5
162,33191,21,46
162,31391,959,0
162,20671,4,100
162,32512,30,0
162,69281,26,0
162,22032,13,0
162,22270,24,63
162,34269,61,0
162,34416,39,0
162,40442,125,0
162,67527,4,41
162,57119,195,0
162,58792,54,166
162,61226,132,0
162,61227,88,0
162,12048,12,4
162,11432,46,0
162,12543,6,13
162,20153,59,0
162,20670,7,0
162,21093,12,1188
162,21260,18,0
162,21961,11,0
162,67187,69,0
162,20748,1486,1103
162,22209,38,194
162,31372,41,6
162,32215,17,0
162,32486,29,0
162,32713,16,1
162,32714,11,0
162,22227,20,158
162,33742,20,9
162,58336,12,0
162,35472,34,5
162,40322,27,0
162,41008,72,0
162,33900,30,0
162,57308,30,0
162,61296,34,0
162,61297,38,32
162,66690,22,0
162,67185,16,0
162,69466,9,275
162,10753,11,0
162,20821,20,0
162,20836,18,53
162,21363,5,507
162,22219,16,0
162,33753,75,0
162,33799,43,65
162,33956,41,3
162,34103,20,142
162,35000,34,87
162,35073,69,60
162,35074,74,0
162,35701,41,0
162,35702,41,98
162,56420,23,28
162,22212,30,0
162,33629,36,0
162,33631,47,0
162,13069,16,100
162,13070,11,0
162,31392,6,0
162,32425,52,0
162,34639,44,143
162,34636,150,265
162,67334,28,0
162,58230,18,0
162,21965,35,0
162,32426,19,0
162,58752,43,0
162,33874,25,0
162,34285,89,24
162,34484,98,0
162,69129,8,63
162,34208,31,0
162,58502,27,0
162,59081,26,0
162,13031,27,0
162,32261,20,0
162,12829,31,7
162,33341,45,0
162,12782,26,90
162,58664,12,29
162,13002,23,59
162,30497,64,0
162,12886,32,0
162,12887,51,56
162,12737,14,0
162,32997,94,100
162,34663,44,0
162,34664,50,0
162,33436,5,0
162,35047,32,20
162,45192,7,0
162,22232,13,165
162,22315,24,870
162,13107,45,0
162,60639,15,9
162,22862,31,0
162,13224,18,0
162,35436,49,0
162,12800,18,96
162,13238,14,0
162,60329,25,170
162,33832,50,0
162,34383,18,0
162,35437,32,0
162,67585,24,0
162,34586,95,0
162,21017,3,0
162,63433,6,2
162,32456,62,0
162,55708,35,36
162,55706,19,0
162,21353,10,0
162,70393,9,0
162,22180,31,2324
162,12703,26,0
162,55707,26,70
162,34409,62,61
162,33174,56,10
162,33179,53,0
162,33356,32,127
162,33422,32,0
162,33426,19,211
162,13283,41,0
162,58346,9,25
162,58947,11,15
162,33554,29,0
162,20863,16,309
162,33886,28,290
162,34039,19,0
162,34707,11,0
162,34396,44,4
162,34653,68,0
162,34655,36,299
162,12661,30,79
162,12935,80,58
162,12968,23,183
162,21118,34,1200
162,11948,14,0
162,11959,11,158
162,12871,39,37
162,11265,17,0
162,21279,15,0
162,21342,21,9
162,22182,31,90
162,32996,58,0
162,32481,34,100
162,12803,53,0
162,12804,55,152
162,12914,12,3
162,12955,16,0
162,33143,98,0
162,61224,56,0
162,12185,23,0
162,12533,55,12
162,31846,75,0
162,22001,11,102
162,11960,19,0
162,11989,17,0
162,12184,18,0
162,12077,17,0
162,13026,38,64
162,20151,45,0
162,32785,30,0
162,32786,38,0
162,32941,22,0
162,22016,12,0
162,22103,31,0
162,34706,18,0
162,57948,27,1
162,22062,13,36
162,52318,7,0
162,32596,21,333
162,33062,34,46
162,13058,22,0
162,33482,24,8
162,56906,17,0
162,67586,24,482
162,34616,53,2
162,34617,87,148
162,33077,22,11
162,13057,17,0
162,33579,31,138
162,55919,17,69
162,56211,14,82
162,13196,5,230
162,12497,17,0
162,60696,22,30
162,60714,6,380
162,12602,469,100
162,12867,627,0
162,12882,399,6
162,12952,645,4
162,32605,4,70
162,33627,753,0
162,34652,709,0
162,34896,475,0
162,34897,610,2
162,35425,145,103
162,35554,490,0
162,35555,421,0
162,33630,46,0
162,32424,16,0
162,42352,38,0
162,51029,125,0
162,53964,6,0
162,54470,56,0
162,10535,81,0
162,55379,150,1
162,34825,20,0
162,57230,227,28
162,33873,29,0
162,33875,25,63
162,58951,12,0
162,35081,40,0
162,58983,330,0
162,58985,2170,0
162,58986,330,0
162,58988,330,0
162,58989,415,0
162,58992,385,0
162,59065,5,0
162,59187,21,0
162,59188,112,3
162,59189,138,3
162,59201,385,122
162,59221,29,16
162,59335,260,0
162,59446,15,0
162,59447,15,0
162,59450,31,9
162,70397,10,0
162,34113,7,85
162,59507,5,200
162,59515,4,0
162,59524,35,0
162,59526,142,0
162,59531,71,290
162,60105,16,0
162,59652,100,0
162,59950,6,312
162,59964,60,0
162,59990,110,0
162,60113,270,5
162,60114,719,0
162,60129,180,0
162,60130,420,5
162,60276,420,11
162,60552,30,100
162,67518,39,48
162,60974,182,0
162,60975,116,0
162,60994,502,5
162,33259,17,27
162,61012,53,6
162,61018,7,5
162,70359,89,0
162,22181,31,0
162,11332,800,0
162,11416,7,0
162,11443,1400,22
162,12207,2042,1241
162,40112,22,0
162,12635,29,0
162,33860,460,0
162,34862,1405,0
162,34916,1485,0
162,34918,495,6
162,35066,920,0
162,35520,47,40
162,52908,90,0
162,67517,38,0
162,33578,31,0
162,57035,212,0
162,57231,75,0
162,59066,1600,0
162,59298,72,0
162,35054,83,0
162,59690,1600,0
162,12634,29,0
162,12636,29,31
162,12870,39,23
162,12934,80,0
162,68589,3480,0
162,68682,2660,0
162,68790,698,0
162,68902,3107,0
162,69248,2780,120
162,70595,266,0
162,12977,197,0
162,13078,12,0
162,30265,7,4
162,13276,12,0
162,22755,76,0
162,22811,49,65
162,21281,32,187
162,22813,90,0
162,22873,4,35
162,22874,130,100
162,22875,120,0
162,22912,6,0
162,35398,176,1
162,35556,32,0
162,35562,73,0
162,35668,52,0
162,35677,783,6
162,35684,121,10
162,32940,17,10
162,60327,6,4
162,33300,29,0
162,70600,77,3
162,70823,150,0
162,11693,344,3
162,12090,225,0
162,12712,9,0
162,56209,11,0
162,34327,27,60
162,21360,24,81
162,21815,111,5
162,21848,104,6
162,21849,128,0
162,21947,24,0
162,21951,55,0
162,22140,108,148
162,22143,7,0
162,22230,398,66
162,22312,49,0
162,22590,42,0
162,22816,6,0
162,22872,70,0
162,13285,15,0
162,30692,33,0
162,31443,227,0
162,44900,5,0
162,32229,151,3
162,32294,300,0
162,33758,517,0
162,33988,40,0
162,34136,16,0
162,34507,133,0
162,33454,1049,0
162,35443,84,0
162,35498,380,0
162,35553,490,28
162,35762,10,30
162,35566,457,67
162,40371,473,0
162,40384,83,65
162,56751,300,44
162,57949,97,42
162,58543,12,0
162,60383,6,0
162,61212,22,0
162,61274,132,12
162,54873,33,0
162,66782,160,0
162,70367,5,0
162,70458,108,70
162,70460,108,16
162,70950,247,0
162,57521,67,6
162,58407,149,0
162,53995,99,0
162,55172,1195,0
162,55288,143,0
162,56378,92,0
162,56851,54,0
162,58362,70,0
162,60098,62,0
162,60119,62,0
162,59449,75,11
162,59453,98,28
162,59476,22,0
162,59477,40,6
162,59588,31,73
162,59962,52,28
162,59963,55,0
162,59967,54,0
162,65565,157,0
162,60561,70,4
162,65678,141,0
162,65822,141,0
162,60989,59,6
162,66197,76,0
162,61004,28,1
162,67801,76,0
162,61013,24,13
162,67840,70,0
162,67841,60,0
162,70362,79,0
162,67880,110,0
162,68209,115,0
162,68326,51,95
162,31562,1784,0
162,32694,42,181
162,33995,800,0
162,34917,880,1
162,34920,1782,0
162,10890,5,404
162,13007,96,24
162,22091,10,982
162,35390,288,0
162,58067,12,0
162,60142,62,0
162,58359,65,0
162,59008,15,0
162,68152,2780,0
162,59663,29,0
162,59883,2795,0
162,59997,59,0
162,64349,199,4
162,67233,199,0
162,70983,19,59
162,58237,49,76
162,59317,50,0
162,13204,8,0
162,70099,23,0
162,22760,3,0
162,22762,220,0
162,34834,449,28
162,51381,109,0
162,51815,33,0
162,53153,216,0
162,56060,124,11
162,45683,5,29
162,56062,144,18
162,56337,33,282
162,56475,250,0
162,56722,130,124
162,10458,88,7
162,57156,105,7
162,57353,83,2
162,58083,27,0
162,58102,137,0
162,58103,202,0
162,58232,30,150
162,58499,30,0
162,58547,38,0
162,59039,200,0
162,22056,18,0
162,22067,6,0
162,22137,166,3
162,60613,195,9
162,60972,42,4
162,66425,71,0
162,66426,84,0
162,66427,113,0
162,66428,140,0
162,66429,96,0
162,32262,223,0
162,66431,76,0
162,66437,28,6
162,66900,88,0
162,68281,49,0
162,68282,49,0
162,68284,44,0
162,34853,379,0
162,78074,122,0
162,52501,12,0
162,54756,43,227
162,57132,300,0
162,35763,12,0
162,57177,104,0
162,57613,33,5
162,58761,200,0
162,59186,8,0
162,68473,58,0
162,68475,52,1
162,68515,52,0
162,65242,242,0
162,72702,7,0
162,66777,91,0
162,51644,316,2
162,70373,157,0
162,70573,42,10
162,70574,46,0
162,71082,156,0
162,72901,55,0
162,72964,113,0
162,78408,36,0
162,13237,144,0
162,70010,48,0
162,70630,54,0
162,70955,54,0
162,71556,48,0
162,72733,32,0
162,72997,32,0
162,73099,10,0
162,73269,56,0
162,73270,56,18
162,77466,29,0
162,77480,94,0
162,77481,55,6
162,77497,17,0
162,77553,14,0
162,61499,316,1
162,65139,365,0
162,78445,14,0
162,65676,9,0
162,80127,30,28
162,66196,76,0
162,80200,27,0
162,80209,29,0
162,80377,22,0
162,80378,22,0
162,67842,70,0
162,68208,115,0
162,83014,42,0
162,84114,43,0
162,85985,18,0
162,86090,36,0
162,86093,72,0
162,86110,19,0
162,86139,32,0
162,86141,56,0
162,86187,52,0
162,86345,89,0
162,86372,15,0
162,86378,10,0
162,86380,10,0
162,35403,29,71
162,58213,1785,30
162,59278,34,0
162,10327,46,0
162,59892,19,2
162,59996,36,6
162,10954,99,5
162,10955,99,0
162,11544,107,0
162,11663,108,261
162,12236,107,0
162,70098,23,0
162,12252,934,0
162,12380,1832,389
162,12789,381,0
162,12790,139,2
162,12885,568,7
162,12929,448,0
162,21664,110,0
162,52282,138,0
162,22492,326,0
162,22493,188,7
162,53970,177,144
162,22495,145,6
162,22496,76,9
162,22499,112,5
162,55747,73,0
162,22507,73,6
162,22508,157,7
162,56065,298,3
162,22596,345,0
162,56723,144,0
162,57155,88,2
162,34038,728,2
162,34076,142,0
162,34120,101,0
162,34289,530,0
162,58352,87,0
162,34543,699,0
162,34565,835,0
162,34622,142,0
162,35340,1132,0
162,35341,1132,0
162,41216,139,0
162,41278,168,1
162,41595,467,0
162,42424,35,0
162,42425,15,0
162,68283,44,0
162,42430,88,0
162,43081,100,0
162,43084,120,0
162,54653,11,0
162,43090,135,0
162,43100,135,0
162,43102,135,0
162,43122,100,0
162,43123,120,0
162,43130,275,0
162,43131,275,0
162,43138,100,0
162,68474,58,2
162,43152,250,0
162,43154,250,0
162,78139,99,0
162,43160,175,0
162,43175,195,0
162,43176,195,0
162,70046,68,50
162,70062,115,0
162,43180,110,0
162,70065,122,0
162,70376,118,0
162,43186,150,0
162,43187,150,0
162,43188,150,0
162,43189,150,0
162,43190,150,0
162,43196,150,0
162,43197,150,0
162,43199,150,0
162,43209,110,0
162,43210,110,0
162,71519,30,0
162,12682,82,0
162,12684,251,0
162,77015,64,1
162,77482,82,7
162,21329,59,9
162,21521,186,0
162,77882,22,0
162,22701,135,6
162,78116,60,0
162,22703,54,7
162,78446,14,15
162,22705,166,6
162,80128,30,0
162,22707,181,6
162,33508,222,0
162,33509,89,2
162,33510,222,0
162,34580,145,0
162,81436,42,0
162,81437,29,0
162,34583,145,0
162,81439,44,0
162,82717,70,0
162,84886,84,0
162,84887,84,0
162,85866,10,0
162,54483,61,2
162,54679,47,6
162,54680,47,1
162,85990,143,0
162,54759,102,8
162,55080,53,0
162,55735,77,4
162,55838,53,0
162,56457,80,0
162,57478,30,0
162,57479,109,0
162,57480,109,0
162,57958,21,0
162,58363,136,0
162,86379,10,0
162,58832,133,0
162,58833,95,0
162,58864,93,0
162,11389,46,0
162,65868,200,0
162,66680,97,0
162,67008,30,0
162,67009,27,0
162,67885,20,0
162,68455,93,29
162,68480,44,0
162,68482,77,0
162,22506,210,0
162,91987,50,0
162,91988,50,0
162,34051,781,0
162,20643,180,0
162,34077,324,0
162,22142,136,3
162,33247,19,0
162,35389,6,0
162,35565,51,83
162,35804,244,56
162,50690,58,1
162,51821,27,0
162,35676,259,0
162,53019,104,100
162,53020,55,0
162,53021,28,0
162,40147,39,0
162,54105,25,4
162,54106,47,5
162,54659,32,10
162,55870,19,0
162,56861,27,298
162,57447,21,0
162,42426,18,0
162,42429,47,0
162,57606,26,80
162,57775,41,0
162,57843,79,0
162,57955,54,0
162,43085,120,0
162,57973,80,0
162,58001,29,0
162,58002,29,0
162,58120,65,0
162,58408,49,0
162,58483,120,390
162,59010,53,0
162,59011,57,0
162,59193,103,4
162,43128,325,0
162,43129,325,0
162,60290,41,0
162,60385,103,10
162,43142,160,0
162,43153,250,0
162,60822,28,0
162,43157,250,0
162,43158,250,0
162,67844,72,0
162,43174,195,0
162,68486,53,0
162,68487,219,2
162,69502,39,0
162,70511,188,7
162,92609,79,0
162,43181,110,0
162,43183,150,0
162,50310,57,0
162,50327,25,5
162,50329,46,5
162,50330,57,0
162,50331,120,0
162,50343,27,0
162,50345,133,1
162,50356,120,0
162,50908,108,0
162,50910,108,0
162,50918,136,0
162,43213,110,0
162,43215,180,0
162,51721,65,0
162,51983,108,0
162,52326,65,0
162,52477,44,17
162,52479,120,0
162,52867,167,0
162,53106,88,0
162,53107,38,6
162,53992,72,0
162,53993,133,0
162,54007,136,0
162,10513,126,40
162,54065,108,0
162,54169,101,8
162,54202,53,7
162,12683,188,0
162,54205,241,0
162,12685,71,0
162,12686,153,0
162,54650,345,0
162,54651,57,0
162,54723,23,0
162,55058,39,0
162,22700,56,0
162,55223,63,0
162,22702,179,7
162,22704,135,6
162,56202,39,0
162,56305,37,0
162,56307,133,0
162,22708,142,7
162,56574,158,0
162,56840,61,0
162,34581,64,0
162,34582,64,0
162,57234,39,0
162,57236,21,0
162,57237,42,0
162,57753,37,0
162,54294,88,1
162,54332,61,5
162,57962,162,0
162,54714,64,0
162,58094,72,0
162,54869,24,0
162,58246,61,0
162,58254,61,0
162,58293,158,0
162,58579,217,0
162,58678,92,100
162,58806,152,32
162,59274,514,0
162,66306,23,0
162,67013,34,0
162,67015,29,0
162,67887,27,0
162,68444,104,0
162,59566,107,0
162,68932,55,138
162,59658,50,4
162,90471,80,0
162,91992,48,0
162,13244,700,0
162,60794,94,30
162,34810,628,9
162,60861,81,4
162,60971,124,0
162,60979,214,0
162,50686,39,1
162,52724,30,0
162,62936,230,0
162,52743,38,0
162,62973,230,0
162,62977,230,0
162,64376,49,7
162,54069,78,6
162,65226,102,0
162,55002,29,0
162,55737,45,0
162,65967,160,0
162,57548,72,0
162,66182,161,0
162,66292,172,0
162,66293,282,0
162,66406,164,0
162,66434,67,0
162,58950,13,216
162,66520,29,0
162,59826,155,0
162,66527,38,0
162,66528,29,0
162,66529,44,0
162,66532,44,0
162,66533,38,0
162,66749,88,268
162,66799,561,0
162,66809,156,0
162,60835,21,180
162,67061,35,0
162,67063,93,21
162,67073,45,0
162,67378,140,0
162,50272,95,2
162,50297,101,0
162,67516,175,30
162,50326,98,0
162,67711,164,0
162,67787,302,0
162,67834,114,0
162,67957,292,0
162,68139,164,0
162,68204,45,0
162,51156,98,0
162,68207,87,0
162,68301,281,0
162,68302,120,0
162,68309,103,0
162,68361,36,10
162,68363,36,0
162,68364,89,0
162,68375,160,0
162,53924,101,0
162,68377,292,0
162,68378,185,0
162,68379,143,0
162,68428,20,0
162,68429,20,25
162,68457,273,0
162,68530,175,0
162,68578,164,0
162,68668,177,0
162,54726,133,0
162,55224,122,0
162,55855,282,71
162,56570,147,0
162,56838,61,203
162,56843,61,0
162,56855,42,0
162,56857,141,3
162,69490,614,47
162,58061,167,54
162,69940,579,0
162,58095,133,0
162,70674,247,0
162,40451,200,0
162,51907,189,0
162,58577,302,84
162,58578,125,0
162,64806,42,309
162,65985,81,0
162,66806,33,0
162,34619,43,0
162,43616,232,0
162,50512,54,0
162,50513,18,0
162,51208,20,0
162,51209,95,0
162,51210,56,0
162,54287,10,0
162,54534,26,0
162,54572,28,0
162,54783,17,0
162,54787,19,0
162,61495,146,0
162,55826,30,0
162,62153,176,1
162,55828,136,0
162,55831,31,0
162,57087,229,0
162,57088,91,0
162,57089,51,0
162,57090,128,0
162,57332,232,0
162,57333,25,1
162,65512,135,0
162,58146,88,0
162,65729,160,0
162,58274,106,0
162,65875,160,7
162,65877,160,0
162,58285,50,0
162,58286,115,0
162,58376,87,17
162,66122,68,0
162,66288,102,0
162,58402,92,0
162,58404,34,0
162,58459,255,0
162,58460,222,0
162,66404,129,0
162,58501,210,0
162,66445,271,0
162,66446,161,0
162,66526,44,0
162,66928,160,0
162,67072,45,32
162,66999,185,0
162,67074,45,0
162,67305,103,0
162,67065,34,0
162,67067,22,0
162,67509,164,0
162,67442,175,0
162,67443,220,0
162,67744,41,0
162,67745,151,0
162,67845,361,0
162,67846,361,0
162,67847,361,0
162,67848,361,0
162,67849,361,0
162,67896,115,0
162,68303,40,0
162,68533,13,0
162,68534,18,29
162,68535,13,10
162,68206,87,0
162,68562,15,0
162,68905,462,3
162,68957,206,0
162,68362,99,0
162,69027,437,0
162,69030,359,0
162,69048,325,0
162,69049,362,0
162,69053,94,0
162,69055,107,0
162,69186,43,0
162,69187,80,8
162,69190,65,0
162,69191,103,0
162,70357,19,0
162,57614,17,40
162,58851,46,0
162,58971,13,0
162,59177,17,0
162,59245,14,0
162,69550,37,21
162,69551,37,0
162,73160,18,0
162,85859,10,0
162,86294,15,0
162,86370,15,0
162,91862,152,0
162,91867,152,0
162,35178,450,111
162,40766,44,0
162,41332,450,67
162,41417,257,0
162,50281,26,0
162,50812,28,0
162,50813,19,0
162,50814,11,0
162,54356,236,0
162,67217,67,0
162,54624,52,0
162,57070,29,0
162,58779,247,0
162,59216,48,0
162,59217,94,0
162,59218,48,0
162,44192,437,0
162,50035,9,51
162,62500,34,0
162,62503,34,0
162,64512,103,0
162,65492,15,0
162,65493,39,0
162,66201,181,0
162,67698,8,0
162,67705,134,0
162,68512,8,4
162,68807,19,7
162,68808,17,0
162,68809,17,0
162,68954,10,0
162,68955,10,0
162,68956,10,0
162,68973,10,0
162,68974,20,0
162,68975,10,0
162,68983,13,0
162,68984,13,0
162,68997,19,0
162,68998,17,0
162,68999,19,0
162,69254,17,0
162,69255,17,0
162,58278,287,0
162,58378,95,0
162,58462,109,0
162,58821,68,0
162,58823,38,0
162,90301,95,0
162,90312,80,0
162,90344,95,0
162,91023,66,10
162,92174,114,0
162,92895,15,0
162,43216,180,0
162,43221,150,0
162,43222,150,0
162,43223,150,0
162,43225,150,0
162,43249,250,0
162,43250,250,0
162,43316,60,0
162,43388,97,0
162,43389,97,0
162,43396,97,0
162,43398,97,0
162,43399,97,0
162,43401,97,0
162,43403,97,0
162,43404,97,0
162,43405,97,0
162,68559,56,3
162,68561,53,0
162,69051,416,0
162,69256,342,0
162,69484,50,0
162,86336,16,0
162,86338,16,0
162,86369,15,0
162,34128,182,60
162,50367,160,0
162,54384,53,163
162,54528,46,0
162,55419,20,0
162,55643,60,0
162,40829,315,65
162,50279,45,0
162,55659,150,0
162,50839,48,0
162,51834,48,1
162,57964,100,0
162,54431,396,22
162,54433,396,0
162,58259,850,0
162,58400,23,70
162,58401,23,0
162,54630,22,0
162,58778,247,2
162,59215,94,192
162,68953,19,0
162,62957,78,5
162,62997,43,0
162,62998,83,0
162,63002,34,0
162,63121,73,0
162,64093,64,0
162,64131,21,0
162,64523,19,0
162,65163,64,0
162,69253,17,3
162,65717,195,0
162,65720,53,0
162,65749,27,0
162,65751,182,0
162,65752,97,0
162,65753,183,0
162,66064,32,0
162,66089,18,2
162,66127,59,0
162,66191,138,0
162,66921,159,5
162,66958,47,0
162,67193,396,0
162,67195,877,0
162,67503,60,0
162,67659,88,5
162,67735,195,0
162,67746,59,0
162,67748,41,0
162,67824,126,0
162,67825,226,0
162,68517,21,0
162,68653,159,0
162,69039,64,0
162,69040,64,0
162,92393,196,0
162,92394,196,0
162,12653,145,0
162,31800,226,0
162,32938,77,2
162,32939,212,0
162,34046,250,177
162,34941,138,18
162,55647,25,0
162,35156,75,26
162,55651,65,0
162,55661,150,0
162,57593,199,0
162,41504,58,0
162,41505,52,0
162,41631,43,0
162,58117,24,20
162,52484,122,0
162,52487,122,0
162,53042,77,0
162,58567,299,0
162,55278,160,1
162,55444,145,11
162,55697,93,0
162,56503,115,4
162,56520,111,0
162,56881,134,0
162,57107,193,0
162,57407,171,0
162,57412,270,0
162,57414,270,0
162,57418,152,0
162,57488,152,0
162,57739,47,0
162,57988,88,0
162,58082,156,20
162,58164,95,0
162,58257,185,0
162,58283,212,0
162,58284,237,0
162,58287,180,0
162,58307,153,0
162,58310,290,0
162,58330,190,0
162,58561,324,52
162,58569,196,0
162,65611,97,0
162,60672,122,0
162,66351,381,0
162,67691,210,0
162,67693,502,0
162,67694,171,0
162,68023,41,0
162,68310,321,0
162,68311,379,0
162,68478,146,0
162,68538,275,0
162,68540,102,0
162,68545,138,0
162,70351,119,0
162,70673,99,0
162,94596,152,24
162,81185,32,0
162,92139,21,0
162,21924,207,10
162,92661,165,0
162,65341,45,0
162,55709,39,48
162,55840,26,91
162,32437,1503,0
162,21906,417,1
162,20981,4,3
162,21265,44,9
162,63273,101,0
162,34335,57,0
162,35488,40,0
162,30182,148,0
162,34274,34,0
162,34857,818,768
162,12671,91,103
162,12701,614,0
162,13020,93,0
162,12916,2850,0
162,10410,79,0
162,10414,93,0
162,11539,174,0
162,11744,150,0
162,30170,17,0
162,63272,79,105
162,40437,17,0
162,33185,156,144
162,34855,44,7
162,35155,75,0
162,35179,345,0
162,42189,75,0
162,42190,68,0
162,58630,190,60
162,64132,120,0
162,65340,39,0
162,43683,146,431
162,34694,321,406
162,55074,44,0
162,32610,25,160
162,12467,161,115
162,13019,999,75
162,33741,824,0
162,59460,722,12
162,12702,759,0
162,32927,475,0
162,10828,62,92
162,59895,21,0
162,11499,567,2
162,13206,27,0
162,12714,30,219
162,60132,89,0
162,13144,2850,0
162,13145,2565,0
162,58179,239,0
162,58242,99,0
162,12565,15,354
162,12556,23,0
162,13270,26,0
162,60725,18,10
162,58515,189,0
162,33490,964,11
162,40308,242,0
162,58634,193,0
162,57300,900,0
162,13021,595,0
162,12963,650,0
162,13235,1480,108
162,21737,57,6815
162,33646,59,0
162,31584,23,0
162,33805,37,0
162,21611,36,0
162,56620,32,84
162,57648,36,14
162,34047,27,7
162,35399,50,0
162,22676,22,58
162,30918,4,67
162,33730,99,0
162,33710,99,19
162,35263,167,0
162,34560,36,0
162,30917,3,24
162,30914,149,0
162,33706,149,20
162,35262,251,11
162,33708,80,1
162,35264,80,6
162,22336,75,0
162,22416,9,297
162,31583,20,0
162,68110,1607,0
162,32369,134,0
162,21846,128,34
162,11579,394,0
162,34618,1561,0
162,12780,15,0
162,33603,9,7
162,33063,553,167
162,33806,6780,16
162,33910,6504,7
162,32223,135,4
162,32222,135,0
162,33231,99,0
162,33232,99,0
162,69531,247,14
162,30804,393,0
162,21297,291,786
162,31102,306,39
162,30802,755,0
162,32257,450,0
162,54211,182,0
162,13039,780,0
162,11613,283,0
162,34942,23,10
162,59534,2,0
162,65294,10,0
162,66246,6,0
162,22108,98,0
162,56780,23,1
162,63470,11,642
162,34927,19,0
162,31172,1047,5
162,22350,31,0
162,20676,32,0
162,30623,360,824
162,30625,360,6
162,20276,30,50
162,30650,373,3
162,12062,515,0
162,40969,1356,0
162,32696,73,0
162,30626,690,7
162,22012,32,0
162,21321,41,0
162,31153,717,159
162,31154,482,1
162,10775,112,12
162,65837,34,2
162,12087,17,5
162,11611,413,0
162,11612,224,0
162,12891,257,54
162,33027,10,5
162,12172,269,79
162,30946,7,42
162,12393,175,57
162,31028,321,0
162,31030,336,0
162,31032,336,0
162,31041,303,0
162,34858,671,8
162,31067,280,0
162,12961,506,4
162,20677,9,166
162,40021,375,0
162,30286,690,0
162,10842,235,0
162,11627,492,0
162,12083,580,0
162,30799,1730,166
162,31027,422,0
162,31034,342,0
162,31042,320,0
162,31070,310,0
162,31188,560,13
162,33676,370,3
162,59334,200,90
162,30649,714,9
162,32080,1179,64
162,30681,500,0
162,30651,366,0
162,22225,23,0
162,40433,22,0
162,22736,245,0
162,22738,781,0
162,35434,1340,0
162,60362,680,0
162,60378,35,0
162,22553,250,75
162,11154,355,0
162,10454,168,0
162,30789,215,5
162,35090,755,171
162,22015,13,154
162,30533,54,87
162,22269,40,300
162,11345,90,0
162,30924,52,0
162,13029,19,42
162,21966,23,60
162,40228,27,0
162,66243,109,0
162,21493,9,159
162,32110,20,18
162,12852,28,0
162,21607,6,1
162,22408,44,9
162,21904,145,5
162,21905,96,4
162,32783,22,0
162,32432,62,30
162,30369,167,100
162,56621,556,0
162,35495,942,0
162,22485,99,248
162,60381,149,0
162,60382,83,0
162,60384,56,0
162,30252,112,28
162,22086,253,30
162,32564,46,155
162,33066,487,0
162,33792,305,251
162,33317,39,0
162,40014,335,0
162,33650,497,1
162,33721,279,3
162,12933,28,0
162,12909,195,0
162,12480,130,0
162,34456,32,0
162,32218,87,30
162,67799,19,0
162,22087,161,6
162,32022,75,246
162,32590,34,0
162,32730,22,0
162,33399,64,0
162,12351,25,3
162,33398,259,0
162,22076,24,3
162,10033,48,0
162,10034,32,0
162,22418,32,242
162,58949,15,0
162,31382,94,0
162,20124,62,2
162,31383,143,7
162,55266,59,0
162,22035,18,0
162,13053,19,0
162,70390,11,0
162,40272,1221,0
162,22413,160,422
162,21829,281,16
162,61267,172,11
162,61265,276,15
162,33332,29,0
162,70380,7,100
162,21809,158,3
162,66137,102,0
162,22380,225,9
162,59896,320,0
162,34905,399,0
162,33632,82,44
162,30376,91,0
162,58109,63,56
162,34522,96,1
162,12901,46,0
162,34403,103,95
162,34299,55,0
162,59270,31,0
162,60330,39,0
162,13233,44,0
162,22512,20,0
162,33866,473,0
162,56875,650,1
162,11694,424,2
162,21748,367,0
162,55262,357,52
162,54214,50,0
162,59185,780,155
162,32245,37,239
162,30287,443,0
162,13004,348,0
162,33882,35,0
162,32472,84,0
162,56351,25,9
162,34102,25,89
162,11809,26,0
162,33679,580,0
162,10514,137,3
162,34206,94,0
162,34207,119,0
162,56251,330,6
162,57096,23,0
162,41482,22,0
162,31157,573,0
162,31160,229,11
162,33589,301,43
162,20629,10,360
162,70461,70,21
162,70459,70,16
162,13103,31,85
162,13025,57,230
162,11915,210,0
162,31597,81,0
162,59443,1485,0
162,11575,2368,0
162,12949,825,0
162,31063,280,838
162,31065,443,0
162,31385,358,18
162,22020,20,0
162,56684,25,0
162,56609,33,0
162,55035,79,3
162,21446,28,162
162,21447,4,112
162,40326,51,0
162,44989,65,0
162,58622,9,24
162,34315,90,7
162,34111,154,189
162,20275,15,0
162,34997,154,30
162,44307,78,0
162,30633,596,5
162,20518,3,0
162,22758,290,0
162,11576,80,0
162,59069,13,0
162,33441,29,0
162,33442,17,0
162,59333,35,30
162,30347,28,0
162,57917,27,0
162,35206,88,12
162,13071,17,199
162,57667,33,0
162,60302,39,0
162,35177,89,0
162,66242,7,0
162,59908,28,224
162,10029,,
162,21919,195,115
162,31020,9,565
162,33830,212,0
162,61252,189,211
162,61253,40,0
162,31610,9,0
162,65362,163,0
162,66245,160,0
162,20547,12,774
162,41565,109,0
162,21746,240,3
162,59528,6,0
162,22588,202,0
162,59897,7,0
162,13142,12,0
162,13017,510,0
162,58247,76,0
162,22422,63,197
162,43765,164,0
162,22338,95,0
162,22074,90,334
162,11173,84,0
162,21270,49,0
162,22033,72,818
162,33764,70,0
162,11426,35,0
162,21288,786,60
162,22415,39,0
162,32484,58,0
162,32908,104,0
162,59212,12,0
162,68340,18,0
162,34992,126,0
162,33638,144,0
162,20125,18,0
162,21502,216,20
162,57086,485,0
162,34222,40,0
162,10623,56,0
162,21494,24,0
162,32319,157,0
162,32907,68,0
162,42258,35,0
162,66162,18,0
162,57592,55,0
162,20126,29,229
162,32708,79,1
162,59271,17,0
162,69465,20,0
162,32047,79,0
162,22014,27,166
162,34578,44,0
162,33144,105,0
162,34200,50,0
162,12318,682,0
162,45633,12,1
162,22817,20,0
162,60316,21,10
162,60319,49,80
162,58453,45,2
162,30127,173,12
162,30375,1092,21
162,68218,550,0
162,33458,352,0
162,33738,19,6
162,22554,28,0
162,21931,8,13
162,21900,117,0
162,22697,80,0
162,84770,21,0
162,44397,21,0
162,86122,270,0
162,86121,270,0
162,85825,73,0
162,85823,73,0
162,80999,295,0
162,80998,295,0
162,86320,375,0
162,86322,375,0
162,68912,44,0
162,21988,32,0
162,44359,99,0
162,84880,283,0
162,84902,283,0
162,44358,99,0
162,44355,99,0
162,84882,283,0
162,84906,283,0
162,84909,283,0
162,22511,40,0
162,55316,408,0
162,20928,276,162
162,12817,290,35
162,59009,75,0
162,32875,31,0
162,10394,17,533
162,10391,11,0
162,20927,5,1544
162,40966,1230,0
162,11692,475,5
162,50955,12,0
162,22757,195,0
162,63985,13,0
162,11587,176,0
162,11235,9,0
162,21920,72,0
162,66079,27,0
162,22732,12,0
162,20612,19,3
162,12054,12,0
162,55464,7,0
162,41004,67,0
162,34401,90,24
162,35423,7,0
162,69953,7,1
162,35424,13,772
162,34613,154,0
162,34213,96,0
162,34453,247,3
162,12475,78,69
162,66247,5,106
162,21743,136,6
162,12603,69,5
162,33156,4,0
162,20926,7,55
162,21460,13,170
162,21745,122,9
162,22037,280,0
162,70378,16,0
162,58612,60,0
162,55043,480,0
162,45610,3,0
162,35551,150,0
162,33391,12,11
162,58048,8,0
162,69954,180,0
162,59669,75,0
162,59668,7,509
162,34225,415,28
162,69169,1599,0
162,12675,32,0
162,11261,1998,0
162,34588,329,67
162,33648,807,87
162,11713,896,28
162,22285,57,140
162,34031,776,0
162,12492,37,0
162,10200,7,0
162,34167,112,555
162,61703,18,2
162,65843,12,0
162,20340,22,40
162,34373,247,0
162,32317,139,0
162,30602,24,115
162,66561,23,0
162,67162,28,0
162,58735,14,180
162,58342,14,0
162,34475,15,0
162,42142,11,0
162,55261,38,0
162,61702,192,0
162,32693,116,0
162,33694,28,7
162,31913,49,0
162,33644,2,0
162,12605,49,0
162,10613,265,2
162,57640,58,70
162,33698,30,24
162,33337,61,0
162,13077,14,0
162,34993,138,0
162,30201,44,104
162,59464,176,141
162,35188,19,93
162,32787,1236,0
162,32545,1088,0
162,58280,63,0
162,34924,330,1
162,61491,16,8
162,12242,32,0
162,66175,700,0
162,34265,8,0
162,56416,38,30
162,12893,35,0
162,57833,22,0
162,12965,540,0
162,11924,31,0
162,31484,37,13
162,33907,303,30
162,69196,8,0
162,69133,12,125
162,68813,12,0
162,68552,1350,0
162,22734,76,0
162,68357,450,0
162,67465,14,0
162,66670,50,2
162,66669,307,0
162,59276,12,0
162,59243,1680,0
162,59231,15,0
162,59195,12,0
162,58442,700,0
162,59272,660,0
162,59023,19,0
162,58928,162,0
162,58852,11,5
162,58449,14,0
162,58323,140,0
162,58217,885,0
162,58158,60,0
162,58050,8,1204
162,57682,30,123
162,84785,21,0
162,57615,18,130
162,57567,12,0
162,57074,29,0
162,56407,6,180
162,56309,18,0
162,55904,17,9
162,55083,12,0
162,51602,10,0
162,57817,68,0
162,11236,32,0
162,69132,10,108
162,69064,18,0
162,56352,50,0
162,58057,90,50
162,56401,70,0
162,56556,16,0
162,56894,17,0
162,55433,15,0
162,57627,11,118
162,57617,114,0
162,30994,358,14
162,58006,60,88
162,56660,16,0
162,58177,105,0
162,56404,7,180
162,66234,178,0
162,56980,568,0
162,51605,27,180
162,57757,12,530
162,56437,30,95
162,66329,2650,0
162,65716,2500,0
162,58051,280,30
162,58374,200,0
162,21922,391,3
162,58351,540,372
162,20357,232,106
162,68742,9,0
162,55879,59,0
162,57533,17,0
162,58044,2695,0
162,58343,8,0
162,22342,98,5
162,22334,106,0
162,56789,430,0
162,56787,17,0
162,22504,57,0
162,35092,122,206
162,59586,10,0
162,35228,320,0
162,35095,320,3
162,22280,4,235
162,30024,142,0
162,66235,144,0
162,34627,320,22
162,34612,88,0
162,35184,12,0
162,35002,130,0
162,13085,170,0
162,13084,25,0
162,69494,7,0
162,59529,5,0
162,59532,3,0
162,59533,5,0
162,22059,66,287
162,13075,253,152
162,34665,66,0
162,10559,6,49
162,34281,164,7
162,34809,125,0
162,67820,10,0
162,22058,14,270
162,13006,209,0
162,67796,27,0
162,34279,78,51
162,33452,376,22
162,58506,67,12
162,34615,253,2
162,22471,2,0
162,10580,279,5
162,11505,81,0
162,34034,642,0
162,41269,154,0
162,41267,134,0
162,34842,455,0
162,34841,123,0
162,34005,78,16
162,20252,20,230
162,69034,6,0
162,69028,130,0
162,59277,7,0
162,11226,15,0
162,10442,45,0
162,10489,320,0
162,32829,1611,1
162,11702,70,6
162,70206,129,0
162,70118,69,0
162,70108,49,0
162,70083,109,0
162,22375,93,0
162,33904,220,0
162,70115,119,0
162,70218,69,0
162,70101,49,0
162,33295,365,0
162,33161,175,0
162,70089,49,0
162,70102,25,0
162,13023,140,0
162,70214,129,0
162,70094,21,0
162,70104,79,0
162,35187,19,743
162,70114,79,0
162,70103,29,0
162,70110,219,0
162,68550,9,0
162,70207,89,0
162,70106,89,0
162,70215,79,0
162,70322,129,0
162,33420,12,145
162,33226,11,180
162,33485,345,0
162,34881,10,0
162,33623,9,0
162,22241,190,1
162,58482,8,0
162,12534,263,92
162,11466,9,194
162,68514,225,4
162,12535,511,27
162,34159,9,60
162,34915,11,0
162,68159,9,0
162,70403,8,0
162,34933,51,15
162,34932,51,234
162,35189,40,37
162,57954,51,0
162,65488,52,0
162,67249,52,0
162,40865,241,40
162,33937,331,1
162,30785,419,0
162,35192,112,0
162,13034,359,0
162,13024,29,0
162,13033,500,0
162,12883,29,0
162,30648,222,9
162,59182,22,0
162,30432,221,10
162,12265,571,2
162,40907,26,3
162,30763,655,38
162,22592,148,0
162,22591,89,131
162,35039,6,37
162,34033,85,0
162,57568,20,0
162,33089,70,0
162,33067,70,0
162,12978,69,0
162,33437,77,0
162,33248,19,0
162,56403,6,48
162,10530,213,0
162,34283,70,0
162,31646,154,118
162,34610,70,0
162,57462,54,0
162,33059,70,57
162,33058,70,0
162,61264,131,2
162,61263,200,7
162,30647,6,3
162,10532,126,7
162,33195,52,0
162,33196,54,0
162,12975,52,0
162,67179,36,0
162,57559,10,0
162,12881,321,0
162,21963,5,14
162,30786,18,0
162,21001,7,389
162,20287,8,17
162,56636,21,0
162,56981,55,0
162,65206,16,0
162,34280,218,24
162,22272,6,59
162,56181,23,100
162,56094,31,0
162,21742,72,6
162,21870,287,20
162,68701,75,4
162,58373,230,0
162,31275,398,13
162,30803,393,0
162,31194,199,3
162,31100,465,0
162,11628,665,0
162,22456,291,1170
162,59007,275,0
162,35111,501,0
162,21550,291,2
162,21549,222,8
162,31486,215,20
162,31485,110,0
162,30251,384,0
162,34497,284,0
162,34587,281,0
162,33451,228,0
162,34137,1579,0
162,41268,81,2
162,35183,6,0
162,60836,41,7
162,59488,208,18
162,60805,21,0
162,59364,88,110
162,35182,7,0
162,13072,7,0
162,34843,123,4
162,53895,29,100
162,58942,112,0
162,22239,255,1657
162,58660,51,0
162,58003,116,0
162,58000,95,0
162,57438,109,0
162,56905,90,0
162,22237,8,0
162,52535,218,150
162,50184,73,0
162,58505,129,0
162,60648,61,93
162,60373,56,16
162,11504,87,8
162,60824,98,2
162,56748,65,17
162,34004,218,0
162,69033,121,0
162,40781,106,33
162,57776,80,6
162,52384,66,7
162,52383,119,0
162,69010,365,0
162,21095,2,120
162,34569,199,0
162,20989,3,171
162,22206,5,200
162,21369,12,0
162,35091,10,0
162,33731,251,6
162,31770,4,0
162,70081,19,0
162,70205,144,0
162,55922,30,0
162,70116,49,0
162,12021,31,0
162,11503,91,0
162,34143,72,0
162,70097,29,0
162,70113,79,0
162,32775,37,0
162,10879,10,0
162,22348,9,0
162,21702,84,2
162,22134,12,7
162,21845,128,1
162,21844,81,200
162,21042,8,3143
162,30592,26,390
162,33709,135,36
162,12394,85,0
162,12395,8,63
162,35100,86,1
162,22407,48,0
162,21251,34,0
162,35096,39,114
162,34561,103,0
162,20459,16,105
162,21711,4,0
162,11344,22,0
162,34091,10,0
162,58358,7,0
162,22294,30,0
162,62955,52,0
162,21656,352,0
162,22545,156,0
162,12973,199,3
162,13042,450,0
162,11405,176,0
162,34134,16,0
162,11430,254,0
162,33116,70,0
162,21620,6,52
162,10812,5,0
162,59020,94,0
162,35531,157,0
162,12760,43,0
162,12932,60,0
162,11435,260,0
162,10067,338,50
162,35533,13,0
162,61262,675,0
162,35535,178,0
162,35534,125,0
162,35530,105,0
162,33549,8,0
162,33479,112,15
162,90764,106,16
162,33521,193,0
162,35110,109,0
162,13032,305,0
162,12463,35,0
162,56739,132,10
162,33478,160,0
162,33393,206,0
162,34614,147,0
162,51560,139,1
162,51557,210,0
162,45001,70,0
162,22075,158,6
162,41383,160,8
162,21747,435,8
162,34552,703,0
162,60900,11,10
162,22388,73,0
162,10574,796,0
162,11240,106,0
162,10669,97,16
162,10668,143,30
162,10666,121,63
162,10636,109,2
162,10632,104,74
162,32818,192,0
162,32307,277,0
162,10069,48,7
162,10068,195,22
162,72991,288,0
162,69268,74,0
162,22386,48,12
162,31173,485,14
162,33733,485,7
162,20581,8,0
162,11896,827,0
162,57851,102,4
162,90609,172,0
162,21863,106,1
162,21639,106,56
162,57159,145,6
162,56738,102,149
162,21913,108,6
162,65415,99,0
162,21872,109,0
162,22144,6,282
162,20862,7,0
162,22089,7,36
162,60372,97,12
162,65420,80,0
162,33552,174,6
162,21927,129,90
162,58661,81,1
162,12821,232,91
162,20717,11,53
162,56253,86,0
162,55327,137,20
162,13079,102,0
162,69528,130,0
162,13074,24,0
162,60370,324,0
162,20370,83,4
162,12041,274,0
162,56395,352,169
162,33325,126,107
162,12820,360,793
162,12818,10,61
162,40780,222,149
162,40779,39,21
162,93959,131,0
162,40778,64,0
162,12819,12,609
162,12816,84,0
162,60371,172,6
162,66318,99,0
162,12722,18,0
162,55402,23,6
162,66098,13,0
162,58912,158,0
162,56375,202,0
162,22023,3,20
162,10379,137,0
162,69042,145,2
162,69041,200,0
162,68337,220,0
162,68336,130,0
162,67475,9,200
162,67446,8,0
162,34142,59,9
162,35595,63,0
162,32487,9,0
162,56790,10,0
162,56469,299,0
162,56334,12,0
162,34140,210,4
162,34452,257,0
162,10547,10,0
162,55273,355,0
162,55272,201,0
162,55270,162,0
162,55269,110,0
162,53067,25,0
162,51587,19,0
162,21847,69,14
162,51133,110,0
162,41665,5,1
162,63266,4,0
162,22387,77,102
162,21831,81,3
162,21261,302,6
162,21899,331,10
162,58157,20,0
162,21242,182,32
162,21547,335,42
162,22558,585,129
162,22484,19,130
162,59592,161,0
162,20373,165,4
162,56093,23,51
162,21801,260,0
162,13043,605,0
162,12854,311,0
162,22519,63,0
162,32094,95,3
162,12197,30,20
162,10893,19,0
162,33551,144,0
162,10564,16,30
162,10672,6,17
162,22346,10,90
162,41382,112,0
162,12889,15,53
162,12369,159,1
162,12523,37,0
162,12198,24,180
162,35099,160,22
162,10044,65,119
162,22243,222,31
162,12368,105,0
162,12752,13,0
162,12532,120,10
162,34634,47,0
162,69529,91,0
162,22468,111,12
162,35051,206,0
162,22515,64,49
162,31143,190,0
162,22421,14,90
162,22414,200,0
162,21757,172,8
162,69135,399,0
162,21197,23,3
162,21998,277,0
162,12876,112,120
162,54108,32,3
162,66781,124,1
162,50685,31,0
162,50205,70,0
162,60827,21,6
162,57850,142,4
162,54296,56,0
162,57510,34,0
162,52739,74,24
162,60375,50,15
162,60346,52,0
162,10528,304,27
162,10529,202,0
162,43811,3,5
162,34517,254,0
162,10524,310,0
162,32981,47,0
162,61269,129,12
162,10526,71,12
162,10525,278,0
162,30096,145,6
162,30095,145,0
162,21563,17,144
162,21562,17,6
162,21411,16,5
162,10492,689,12
162,20431,195,15
162,32647,357,0
162,54658,23,0
162,55315,217,0
162,10066,145,0
162,51565,511,1
162,21754,341,3
162,33601,98,0
162,58704,550,0
162,10486,233,0
162,30780,401,0
162,21115,6,0
162,31566,179,0
162,40950,38,129
162,51555,14,0
162,52662,124,2
162,52661,122,0
162,21866,129,13
162,21871,157,46
162,54138,135,3
162,20682,13,0
162,11227,17,110
162,32495,556,229
162,32496,838,0
162,54377,13,0
162,12358,138,0
162,32881,171,0
162,12837,309,0
162,22105,40,48
162,30687,156,17
162,56919,23,30
162,21140,8,767
162,41306,8,317
162,22202,41,0
162,54139,185,6
162,22560,16,24
162,59906,35,0
162,13231,31,0
162,70530,16,80
162,70531,26,0
162,13232,17,0
162,22127,56,0
162,21875,38,3
162,34550,9,4
162,61169,6,0
162,59537,6,0
162,56798,7,0
162,10614,446,16
162,57160,175,3
162,33326,199,9
162,22543,91,0
162,21865,114,25
162,22589,84,0
162,31473,273,70
162,12877,103,0
162,12346,20,0
162,21344,10,0
162,33165,10,0
162,34656,119,0
162,22379,215,225
162,21962,332,0
162,61194,3,0
162,35162,256,0
162,22337,105,0
162,34418,24,2
162,61115,16,0
162,22482,5,3027
162,56779,228,1
162,56777,143,2
162,34624,406,0
162,68568,15,0
162,65295,6,0
162,65293,10,0
162,51581,10,0
162,41667,6,0
162,61698,10,56
162,60914,7,80
162,10615,7,8
162,22038,170,3
162,33160,388,52
162,33132,31,11
162,51553,15,0
162,21841,132,3
162,51129,19,0
162,65021,51,0
162,61694,184,6
162,12558,88,0
162,58965,379,0
162,58966,192,0
162,58967,16,0
162,21902,157,12
162,11720,20,29
162,13036,18,0
162,13037,49,50
162,21828,85,10
162,56788,218,0
162,31106,47,0
162,30997,31,19
162,61117,356,0
162,21814,176,8
162,21379,818,1
162,31004,17,337
162,32716,12,118
162,34487,269,0
162,66061,247,0
162,65276,284,1
162,12784,763,119
162,57052,874,0
162,10252,1250,0
162,34829,843,35
162,34889,3812,0
162,13003,744,0
162,13129,67,0
162,43815,51,422
162,58271,759,0
162,30510,1919,0
162,22185,608,43
162,40231,30,0
162,21630,228,38
162,21370,817,0
162,20662,189,0
162,21650,486,0
162,65123,365,54
162,42120,14,0
162,12775,176,0
162,43651,45,0
162,22156,22,0
162,32679,357,0
162,32947,145,0
162,21925,81,7
162,22550,82,1
162,68453,60,0
162,60726,31,369
162,40376,25,2
162,22671,67,4
162,13243,97,0
162,12908,40,0
162,70529,28,24
162,44083,31,0
162,56384,13,0
162,56464,13,0
162,21695,23,48
162,12361,28,24
162,12375,43,4
162,12390,24,0
162,12391,43,122
162,34125,28,57
162,21964,21,0
162,32738,48,11
162,10909,21,8
162,12076,11,6
162,33407,56,114
162,33455,25,0
162,34268,25,0
162,59344,8,0
162,32420,39,0
162,40309,10,0
162,13030,31,0
162,33872,27,0
162,70398,6,0
162,22759,16,3
162,43636,20,0
162,67362,23,0
162,55036,8,26
162,20990,10,0
162,12872,33,0
162,22151,11,1961
162,55378,85,27
162,55609,360,0
162,57280,7,0
162,57520,62,0
162,58299,780,0
162,58300,760,0
162,58982,465,22
162,58987,330,0
162,58990,415,0
162,59951,6,0
162,55353,98,3
162,55717,1875,79
162,56479,650,2
162,61213,37,175
162,68333,9,0
162,68441,22,0
162,59244,18,0
162,53154,262,0
162,58576,38,0
162,59029,200,0
162,60973,28,0
162,71080,156,100
162,86293,52,0
162,12237,196,0
162,41214,139,0
162,43089,135,0
162,43185,150,0
162,54010,104,0
162,54011,104,0
162,54362,193,0
162,54533,132,0
162,57795,42,0
162,57846,38,0
162,58679,92,0
162,58718,306,407
162,59273,265,0
162,62961,88,0
162,64267,248,0
162,65224,130,705
162,65225,224,0
162,65969,153,0
162,65986,159,0
162,67510,274,0
162,67515,59,0
162,67632,161,56
162,67658,75,0
162,67833,161,0
162,69300,175,0
162,50037,28,0
162,58275,114,0
162,58461,118,0
162,63987,195,0
162,66901,20,0
162,67007,204,0
162,67064,18,5
162,67066,64,0
162,69026,437,2
162,66656,6,0
162,67706,131,0
162,68468,164,0
162,43318,60,0
162,43390,97,0
162,43397,97,0
162,54526,46,0
162,57594,209,0
162,57965,100,0
162,62999,78,0
162,63003,32,0
162,64092,73,0
162,65718,105,0
162,57737,35,0
162,57826,275,0
162,57977,175,0
162,58166,317,0
162,58173,79,0
162,58178,167,106
162,64624,76,0
162,64630,119,0
162,64925,95,0
162,66645,61,0
162,66648,146,0
162,12379,31,0
162,21576,774,0
162,21690,24,30
162,12564,30,85
162,32929,569,0
162,34414,10,0
162,56454,440,0
162,57936,245,0
162,12986,26,0
162,12799,17,0
162,34450,1839,0
162,33559,1124,133
162,33739,415,0
162,68360,234,1
162,12962,450,0
162,40306,21,0
162,58018,15,0
162,67882,29,0
162,30196,33,0
162,34309,630,5
162,55463,7,0
162,33590,370,0
162,30788,154,75
162,61250,39,0
162,20460,31,156
162,33732,334,50
162,58766,110,0
162,33052,27,0
162,35011,50,3
162,53877,49,0
162,22092,120,446
162,22034,120,128
162,34086,59,6
162,12988,935,81
162,57875,91,4
162,35552,150,28
162,44863,24,56
162,60673,32,0
162,21124,8,0
162,41280,6,0
162,35186,19,0
162,66165,17,0
162,68100,10,0
162,65323,9,0
162,64602,807,0
162,34312,497,0
162,59183,14,0
162,59090,15,0
162,58725,200,4
162,58480,19,0
162,58372,100,11
162,69184,999,0
162,22300,240,237
162,70096,59,0
162,70117,119,0
162,22240,107,8
162,66099,8,0
162,61356,52,10
162,52541,35,1
162,69063,104,0
162,59287,282,0
162,59286,78,72
162,58119,230,0
162,52831,270,0
162,60837,65,5
162,60838,111,3
162,60823,52,16
162,22518,4,0
162,33729,78,0
162,22335,50,0
162,21934,32,0
162,11644,11,2
162,10434,78,0
162,10071,19,0
162,21185,52,2645
162,33653,260,0
162,31471,22,0
162,34397,84,316
162,34801,155,0
162,10665,189,4
162,67685,79,0
162,13014,8,0
162,12917,8,0
162,11472,10,271
162,10802,19,0
162,59018,356,0
162,59017,188,0
162,59016,102,0
162,56903,19,0
162,20394,149,22
162,20369,286,5
162,21836,86,10
162,21839,120,5
162,21838,65,6
162,21835,54,6
162,33142,276,0
162,21903,148,10
162,22046,35,12
162,10892,19,214
162,22273,55,392
162,12531,96,66
162,22125,20,0
162,35160,105,35
162,59194,5,0
162,34644,23,0
162,10045,64,44
162,22242,110,0
162,34757,40,0
162,34716,34,0
162,12942,148,30
162,34496,58,0
162,12552,148,6
162,58705,8,0
162,31144,36,0
162,34106,147,402
162,61122,111,0
162,54107,20,0
162,66022,40,0
162,60308,81,8
162,10522,282,2
162,10527,169,0
162,61118,238,1
162,30993,681,0
162,64995,17,0
162,21779,115,0
162,31815,104,0
162,53000,9,0
162,21862,123,0
162,21641,14,5
162,32770,29,2
162,11533,138,9
162,68328,28,0
162,57320,86,0
162,34950,19,19
162,22096,131,14
162,22005,5,204
162,30515,33,0
162,10759,10,13
162,34082,232,0
162,61111,14,2
162,22313,4,0
162,30605,29,335
162,30065,31,0
162,34657,222,0
162,20907,22,0
162,40861,20,148
162,31357,55,30
162,31358,1239,4
162,31083,49,0
162,31084,1108,0
162,31085,630,0
162,31359,650,5
162,33754,105,0
162,12655,39,0
162,13205,48,308
162,33840,82,0
162,33839,92,0
162,21850,289,27
162,40303,32,1
162,57898,266,124
162,34953,750,441
162,31785,210,0
162,61162,7,6
162,21299,383,4
162,34667,36,0
162,57197,31,0
162,12930,9,3
162,12953,110,0
162,21315,167,0
162,30076,528,52
162,55265,309,9
162,57311,25,0
162,12547,320,93
162,32315,512,1
162,12954,313,0
162,59300,270,0
162,22234,168,206
162,32890,1830,0
162,11232,1149,0
162,34888,782,0
162,55420,180,0
162,57173,891,9
162,66058,242,0
162,34152,10,0
162,10844,368,0
162,11384,180,0
162,11424,43,49
162,12905,350,0
162,30282,45,0
162,34850,288,0
162,34895,790,9
162,12931,50,0
162,32370,15,8
162,13038,294,100
162,34892,1701,6
162,41238,502,0
162,12576,243,99
162,34662,27,0
162,57813,47,0
162,20468,221,218
162,33759,510,0
162,11909,649,2
162,11910,649,0
162,10251,1250,0
162,10470,6155,0
162,11211,1529,0
162,11541,477,0
162,35050,160,0
162,35220,1565,1
162,30450,261,0
162,35058,3781,38
162,40929,363,5
162,13269,620,0
162,30049,966,0
162,33230,1764,0
162,33303,14253,0
162,33434,15500,0
162,34457,28125,361
162,30528,47,133
162,20249,24,14
162,33460,1250,0
162,31110,401,0
162,12312,2484,0
162,21760,2266,42
162,12928,2125,0
162,22050,1315,0
162,32536,3276,0
162,68213,150,0
162,21699,397,10
162,21700,470,7
162,31273,284,0
162,20698,18,0
162,22405,267,30
162,21781,129,0
162,31257,168,55
162,31252,19,4
162,55105,85,0
162,32795,234,0
162,21628,58,0
162,10493,118,5
162,32796,35,0
162,21609,343,0
162,10495,523,0
162,11593,321,0
162,11871,696,0
162,12313,348,0
162,20333,151,44
162,12310,66,62
162,57619,69,0
162,11542,185,10
162,12611,463,0
162,11414,925,0
162,40212,447,0
162,12010,324,0
162,12835,55,0
162,20332,91,100
162,21112,39,191
162,40213,403,0
162,21993,31,12
162,59267,660,4
162,67774,232,0
162,32759,1166,0
162,33498,650,0
162,33517,2203,0
162,34874,2000,0
162,69157,188,0
162,33423,28,117
162,11706,6,30
162,12596,6,0
162,32033,19,0
162,33186,46,0
162,22085,64,0
162,68127,31,0
162,12995,37,0
162,34898,3,0
162,61219,41,200
162,30045,836,64
162,32450,82,0
162,33338,137,0
162,12023,52,0
162,12999,22,0
162,22517,26,0
162,58744,8,0
162,12781,57,100
162,12186,37,0
162,11803,48,0
162,22404,72,0
162,69047,53,1
162,12843,131,0
162,61195,6,0
162,67528,45,0
162,21854,70,22
162,22184,37,10
162,33467,108,0
162,63228,4,0
162,22381,4,17
162,12567,31,0
162,13001,23,0
162,60107,18,0
162,35851,18,8
162,20051,72,200
162,55267,51,0
162,56067,33,11
162,21010,1836,708
162,12183,67,0
162,64605,792,4
162,58665,9,0
162,35559,84,85
162,57053,18,0
162,12212,15,0
162,58732,21,0
162,35068,45,0
162,12563,25,0
162,12805,27,143
162,12828,32,0
162,12159,13,0
162,12470,27,0
162,12888,51,0
162,68124,32,0
162,34201,39,0
162,56466,19,350
162,32374,30,0
162,32815,40,0
162,34385,23,46
162,34689,21,0
162,12572,27,92
162,13126,31,0
162,12662,38,25
162,21307,6,0
162,32994,106,65
162,61225,40,0
162,32507,12,0
162,32648,99,19
162,52856,8,6
162,59332,13,50
162,33413,33,0
162,34969,33,275
162,35703,39,67
162,32534,68,254
162,13060,25,0
162,56417,35,0
162,30591,31,152
162,21497,21,0
162,21573,28,12
162,58667,16,0
162,59293,16,90
162,34492,35,46
162,35181,9,0
162,70399,4,0
162,60427,22,14
162,35792,38,0
162,21343,33,30
162,21358,12,9
162,30599,18,502
162,22060,9,0
162,22183,28,0
162,22378,5,124
162,11225,8,1
162,11448,4,0
162,55705,13,0
162,33355,30,0
162,57205,32,0
162,57907,10,0
162,33757,33,0
162,34654,68,156
162,34826,42,0
162,12869,39,0
162,21280,23,79
162,30266,11,0
162,30925,8,490
162,32421,67,0
162,32422,105,0
162,34157,32,0
162,59331,9,0
162,13062,53,0
162,11840,6,0
162,13102,8,40
162,56245,20,87
162,13195,11,0
162,13277,11,249
162,12339,254,0
162,59448,44,0
162,59451,49,4
162,59452,53,12
162,61660,82,0
162,34859,1742,0
162,34863,1050,0
162,59067,140,0
162,59219,140,0
162,59220,72,7
162,59585,900,0
162,59691,900,6
162,22761,119,286
162,22812,120,20
162,22859,84,140
162,60310,75,53
162,70598,186,0
162,12169,16,0
162,13143,111,0
162,20049,29,4
162,21309,57,0
162,22818,7,190
162,22935,39,302
162,31622,10,0
162,33384,476,0
162,34660,4,25
162,35448,225,62
162,40225,458,0
162,65835,102,0
162,65616,108,0
162,67677,185,0
162,67802,78,0
162,67839,70,0
162,68327,51,0
162,22562,217,0
162,72899,23,0
162,72978,45,0
162,33025,374,0
162,34833,169,0
162,41409,128,0
162,53971,196,0
162,53976,96,0
162,56059,74,0
162,56061,43,3
162,60166,25,13
162,60324,72,99
162,60612,195,1
162,60964,76,0
162,66430,89,0
162,55612,90,0
162,55613,6,31
162,57171,34,16
162,66993,8,0
162,71547,40,0
162,70063,225,0
162,78134,115,0
162,71319,31,0
162,71377,31,0
162,72960,51,0
162,72961,51,0
162,72962,51,0
162,77636,43,0
162,78067,19,0
162,80198,46,0
162,80372,22,0
162,81149,10,0
162,81438,42,0
162,81441,22,0
162,85952,68,0
162,85953,68,0
162,86035,68,0
162,86106,46,0
162,86142,56,0
162,91649,99,0
162,91650,110,0
162,10952,99,0
162,10953,99,6
162,11545,196,0
162,13137,700,4
162,21669,99,5
162,22494,110,6
162,22502,79,0
162,22509,46,0
162,34395,459,22
162,35339,1132,0
162,40148,90,0
162,40167,186,0
162,42419,42,2
162,43082,100,0
162,43161,175,0
162,43178,110,0
162,43179,110,0
162,43184,150,0
162,43211,110,0
162,10516,204,7
162,12560,176,26
162,22706,138,7
162,44139,87,203
162,52054,113,0
162,54227,61,0
162,54292,57,0
162,57477,30,0
162,67012,23,0
162,67016,21,0
162,67883,32,0
162,68481,90,0
162,68776,34,161
162,91991,48,0
162,10523,173,0
162,12759,43,0
162,12964,54,0
162,13080,54,0
162,22141,81,1
162,33162,70,0
162,50183,49,0
162,52737,57,0
162,54068,128,0
162,57511,29,0
162,57956,51,3
162,59893,7,0
162,60349,34,0
162,60804,54,0
162,60806,34,46
162,60807,78,0
162,61358,25,36
162,65419,42,0
162,68163,495,0
162,50315,101,0
162,51157,49,0
162,51720,65,0
162,54012,136,0
162,54203,105,0
162,54725,72,0
162,55090,101,0
162,55900,151,100
162,56572,169,0
162,56841,61,0
162,56842,61,0
162,56856,141,0
162,58062,183,0
162,58093,37,96
162,58292,158,0
162,59275,222,0
162,59816,80,0
162,60796,39,7
162,60859,56,8
162,60860,96,1
162,61720,237,0
162,62823,140,0
162,65516,164,0
162,65730,164,0
162,66335,160,3
162,66403,223,38
162,66444,114,0
162,67310,256,0
162,67387,245,0
162,67835,271,0
162,68205,38,0
162,68376,320,0
162,43970,66,0
162,54537,47,0
162,54791,33,0
162,54792,123,0
162,55302,133,0
162,55827,62,0
162,57527,91,4
162,57528,229,0
162,58273,97,0
162,58377,92,0
162,58383,336,0
162,58500,220,52
162,58820,43,0
162,58822,95,0
162,58824,14,0
162,58825,11,0
162,58826,20,0
162,58960,170,45
162,67274,185,31
162,68560,16,0
162,69029,430,0
162,69031,396,0
162,69050,395,0
162,70321,31,0
162,70344,17,0
162,70361,63,0
162,85855,10,0
162,34353,450,5
162,34462,182,0
162,34798,310,0
162,54628,22,0
162,55642,60,0
162,55645,50,0
162,55648,50,0
162,55650,150,0
162,55660,150,0
162,56938,37,0
162,91821,99,0
162,92396,108,0
162,11925,212,0
162,12654,395,0
162,22402,177,0
162,41500,79,175
162,55073,41,0
162,55280,71,0
162,58537,152,0
162,58681,48,3
162,67696,600,0
162,68111,500,0
162,68536,74,33
162,21691,29,138
162,65339,37,273
162,55839,21,0
162,10204,114,0
162,12466,23,312
162,10687,69,0
162,12850,31,0
162,32525,16,0
162,32092,1618,0
162,32093,2195,7
162,34089,88,0
162,33762,21,0
162,10411,2,0
162,30186,1302,92
162,35487,310,0
162,22319,575,0
162,22320,397,0
162,22406,2430,3
162,35784,299,200
162,34906,30,0
162,33794,682,0
162,40307,14,0
162,34356,411,0
162,34247,557,0
162,34546,690,0
162,21840,134,19
162,69340,16,0
162,22814,40,0
162,35191,132,17
162,33707,167,0
162,32224,135,8
162,21298,490,4
162,22384,300,197
162,13040,320,0
162,30800,480,0
162,31274,955,5
162,12946,834,0
162,12853,670,0
162,58014,503,0
162,33674,482,0
162,10515,137,10
162,10517,151,0
162,10518,151,0
162,31071,310,0
162,32701,1313,0
162,12341,2831,28
162,33746,1725,0
162,22756,551,0
162,10456,235,5
162,31017,23,0
162,33389,192,0
162,32216,132,0
162,59089,15,0
162,22081,26,192
162,10507,7,0
162,22419,26,0
162,58829,15,0
162,22077,39,362
162,10203,20,0
162,22098,17,6
162,22099,26,200
162,11742,18,0
162,58828,25,0
162,35334,23,0
162,35335,58,0
162,70400,136,0
162,12583,50,0
162,33463,902,0
162,57022,271,0
162,56252,330,8
162,33203,43,0
162,40338,59,0
162,20628,11,327
162,22510,39,5
162,13098,31,0
162,12348,2042,0
162,12960,2353,40
162,34611,1788,20
162,12412,886,0
162,12468,972,0
162,21615,40,0
162,30348,38,70
162,12474,78,139
162,59001,2,63
162,59087,49,0
162,34966,80,0
162,21455,49,288
162,12674,18,0
162,59068,25,0
162,30346,22,0
162,33177,1517,441
162,66031,25,9
162,12363,32,227
162,13208,15,0
162,40575,628,0
162,13146,220,0
162,34223,55,29
162,56438,30,30
162,56436,54,0
162,58209,25,0
162,58345,39,0
162,69188,675,5
162,11847,51,0
162,57591,37,0
162,57516,801,0
162,21674,35,2
162,81000,295,0
162,44386,375,0
162,84913,283,0
162,44356,99,0
162,51554,22,0
162,22546,80,0
162,21867,525,13
162,21234,96,184
162,60833,9,16
162,70456,5,0
162,32989,7,0
162,32767,268,0
162,51390,2,0
162,21632,210,0
162,21333,153,4
162,30026,9,0
162,34141,130,15
162,22363,121,1
162,33117,172,19
162,34817,58,16
162,59514,4,0
162,12974,106,4
162,34054,118,0
162,10983,450,0
162,58830,198,0
162,30795,71,0
162,61696,15,0
162,64488,36,86
162,31061,22,0
162,41298,5,400
162,61695,20,1
162,56453,33,0
162,64813,2,0
162,33804,248,0
162,22235,30,28
162,22561,40,30
162,66174,375,18
162,66155,4,0
162,68439,10,6
162,68321,30,0
162,59227,20,54
162,59214,29,161
162,35052,14,11
162,57915,12,52
162,57679,6,0
162,57288,36,367
162,56409,6,210
162,56393,17,74
162,66250,10,57
162,65844,12,0
162,64241,14,0
162,68941,31,0
162,56860,16,0
162,57777,214,16
162,56406,6,0
162,55079,15,0
162,54751,20,0
162,66167,165,45
162,58069,300,0
162,58019,150,0
162,53145,15,2
162,22057,14,109
162,22587,6,0
162,34659,87,29
162,69495,6,440
162,34687,7,0
162,22256,2,36
162,35097,862,0
162,43444,218,0
162,54510,163,0
162,34840,455,4
162,57754,6,0
162,32828,954,0
162,70120,95,0
162,70095,19,0
162,70111,199,0
162,70209,169,0
162,70211,166,0
162,70119,79,0
162,12959,11,0
162,35190,40,19
162,33656,281,0
162,10531,391,9
162,33438,77,35
162,61261,412,459
162,33194,61,0
162,22188,37,0
162,20156,11,0
162,69530,73,0
162,34144,177,5
162,21868,82,6
162,21869,154,2
162,21744,69,22
162,20642,88,204
162,12411,758,0
162,40982,1293,0
162,22385,467,0
162,20602,211,0
162,21698,290,89
162,60828,31,5
162,65416,172,3
162,59012,188,0
162,56862,79,0
162,44352,209,0
162,60374,42,13
162,60309,35,41
162,52385,34,38
162,20439,8,0
162,57315,80,0
162,34471,143,0
162,22544,50,0
162,33807,5,0
162,21833,81,4
162,21471,20,1333
162,21296,12,0
162,22491,80,0
162,34830,18,0
162,13044,350,0
162,33075,104,71
162,32382,409,0
162,11410,318,0
162,11429,137,2
162,11030,8,0
162,10070,421,26
162,35098,112,10
162,35003,173,2
162,11241,156,0
162,21864,173,80
162,10631,13,0
162,21940,32,0
162,10635,160,1
162,35004,283,2
162,59019,150,0
162,58450,60,0
162,33392,144,0
162,33720,100,19
162,40949,13,114
162,63240,115,152
162,72999,188,0
162,22347,5,0
162,22216,35,402
162,21818,87,9
162,21073,10,0
162,21928,125,28
162,21539,194,0
162,92608,79,0
162,10803,18,0
162,56776,240,0
162,10611,83,0
162,30604,57,676
162,13061,188,0
162,66317,98,0
162,34755,28,0
162,10612,147,3
162,55271,137,5
162,10377,248,0
162,10077,28,188
162,21834,165,23
162,21832,124,8
